ì˙ït,"ì˙ñ{çëì‡
ó›åvúÎä≥é“êî","ì˙ñ{çëì‡
êVãKúÎä≥é“êî",ñkäCìπ,ê¬êXåß,ä‚éËåß,ã{èÈåß,èHìcåß,éRå`åß,ïüìáåß,àÔèÈåß,ì»ñÿåß,åQînåß,çÈã åß,êÁótåß,ìåãûìs,ê_ìﬁêÏåß,êVäÉåß,ïxéRåß,êŒêÏåß,ïüà‰åß,éRóúåß,í∑ñÏåß,äÚïååß,ê√â™åß,à§ímåß,éOèdåß,é†âÍåß,ãûìsï{,ëÂç„ï{,ï∫å…åß,ìﬁó«åß,òaâÃéRåß,íπéÊåß,ìáç™åß,â™éRåß,çLìáåß,éRå˚åß,ìøìáåß,çÅêÏåß,à§ïQåß,çÇímåß,ïüâ™åß,ç≤âÍåß,í∑çËåß,åFñ{åß,ëÂï™åß,ã{çËåß,é≠éôìáåß,â´ìÍåß
2020/1/16,1 ,1,0,0,0,0,0,0,0,0,0,0,0,0,0,1,0,0,0,0,0,0,0,0,0,0,0,0,0,0,0,0,0,0,0,0,0,0,0,0,0,0,0,0,0,0,0,0,0
2020/1/17,1 ,0,0,0,0,0,0,0,0,0,0,0,0,0,0,0,0,0,0,0,0,0,0,0,0,0,0,0,0,0,0,0,0,0,0,0,0,0,0,0,0,0,0,0,0,0,0,0,0
2020/1/18,1 ,0,0,0,0,0,0,0,0,0,0,0,0,0,0,0,0,0,0,0,0,0,0,0,0,0,0,0,0,0,0,0,0,0,0,0,0,0,0,0,0,0,0,0,0,0,0,0,0
2020/1/19,1 ,0,0,0,0,0,0,0,0,0,0,0,0,0,0,0,0,0,0,0,0,0,0,0,0,0,0,0,0,0,0,0,0,0,0,0,0,0,0,0,0,0,0,0,0,0,0,0,0
2020/1/20,1 ,0,0,0,0,0,0,0,0,0,0,0,0,0,0,0,0,0,0,0,0,0,0,0,0,0,0,0,0,0,0,0,0,0,0,0,0,0,0,0,0,0,0,0,0,0,0,0,0
2020/1/21,1 ,0,0,0,0,0,0,0,0,0,0,0,0,0,0,0,0,0,0,0,0,0,0,0,0,0,0,0,0,0,0,0,0,0,0,0,0,0,0,0,0,0,0,0,0,0,0,0,0
2020/1/22,1 ,0,0,0,0,0,0,0,0,0,0,0,0,0,0,0,0,0,0,0,0,0,0,0,0,0,0,0,0,0,0,0,0,0,0,0,0,0,0,0,0,0,0,0,0,0,0,0,0
2020/1/23,1 ,0,0,0,0,0,0,0,0,0,0,0,0,0,0,0,0,0,0,0,0,0,0,0,0,0,0,0,0,0,0,0,0,0,0,0,0,0,0,0,0,0,0,0,0,0,0,0,0
2020/1/24,2 ,1,0,0,0,0,0,0,0,0,0,0,0,0,1,0,0,0,0,0,0,0,0,0,0,0,0,0,0,0,0,0,0,0,0,0,0,0,0,0,0,0,0,0,0,0,0,0,0
2020/1/25,3 ,1,0,0,0,0,0,0,0,0,0,0,0,0,1,0,0,0,0,0,0,0,0,0,0,0,0,0,0,0,0,0,0,0,0,0,0,0,0,0,0,0,0,0,0,0,0,0,0
2020/1/26,4 ,1,0,0,0,0,0,0,0,0,0,0,0,0,0,0,0,0,0,0,0,0,0,0,1,0,0,0,0,0,0,0,0,0,0,0,0,0,0,0,0,0,0,0,0,0,0,0,0
2020/1/27,4 ,0,0,0,0,0,0,0,0,0,0,0,0,0,0,0,0,0,0,0,0,0,0,0,0,0,0,0,0,0,0,0,0,0,0,0,0,0,0,0,0,0,0,0,0,0,0,0,0
2020/1/28,7 ,3,1,0,0,0,0,0,0,0,0,0,0,0,0,0,0,0,0,0,0,0,0,0,1,0,0,0,0,0,1,0,0,0,0,0,0,0,0,0,0,0,0,0,0,0,0,0,0
2020/1/29,8 ,1,0,0,0,0,0,0,0,0,0,0,0,0,0,0,0,0,0,0,0,0,0,0,0,0,0,0,1,0,0,0,0,0,0,0,0,0,0,0,0,0,0,0,0,0,0,0,0
2020/1/30,14 ,6,0,0,0,0,0,0,0,0,0,0,0,0,1,0,0,0,0,0,0,0,0,0,0,1,0,1,0,0,0,0,0,0,0,0,0,0,0,0,0,0,0,0,0,0,0,0,0
2020/1/31,17 ,3,0,0,0,0,0,0,0,0,0,0,0,1,0,0,0,0,0,0,0,0,0,0,0,0,0,0,0,0,0,0,0,0,0,0,0,0,0,0,0,0,0,0,0,0,0,0,0
2020/2/1,20 ,3,0,0,0,0,0,0,0,0,0,0,0,0,0,0,0,0,0,0,0,0,0,0,0,0,0,0,0,0,0,0,0,0,0,0,0,0,0,0,0,0,0,0,0,0,0,0,0
2020/2/2,20 ,0,0,0,0,0,0,0,0,0,0,0,0,0,0,0,0,0,0,0,0,0,0,0,0,0,0,0,0,0,0,0,0,0,0,0,0,0,0,0,0,0,0,0,0,0,0,0,0
2020/2/3,20 ,0,0,0,0,0,0,0,0,0,0,0,0,0,0,0,0,0,0,0,0,0,0,0,0,0,0,0,0,0,0,0,0,0,0,0,0,0,0,0,0,0,0,0,0,0,0,0,0
2020/2/4,23 ,3,0,0,0,0,0,0,0,0,0,0,0,1,0,0,0,0,0,0,0,0,0,0,0,0,0,0,0,0,0,0,0,0,0,0,0,0,0,0,0,0,0,0,0,0,0,0,0
2020/2/5,25 ,2,0,0,0,0,0,0,0,0,0,0,0,1,0,0,0,0,0,0,0,0,0,0,0,0,0,1,0,0,0,0,0,0,0,0,0,0,0,0,0,0,0,0,0,0,0,0,0
2020/2/6,25 ,0,0,0,0,0,0,0,0,0,0,0,0,0,0,0,0,0,0,0,0,0,0,0,0,0,0,0,0,0,0,0,0,0,0,0,0,0,0,0,0,0,0,0,0,0,0,0,0
2020/2/7,25 ,0,0,0,0,0,0,0,0,0,0,0,0,0,0,0,0,0,0,0,0,0,0,0,0,0,0,0,0,0,0,0,0,0,0,0,0,0,0,0,0,0,0,0,0,0,0,0,0
2020/2/8,26 ,1,0,0,0,0,0,0,0,0,0,0,0,0,0,0,0,0,0,0,0,0,0,0,0,0,0,0,0,0,0,0,0,0,0,0,0,0,0,0,0,0,0,0,0,0,0,0,0
2020/2/9,26 ,0,0,0,0,0,0,0,0,0,0,0,0,0,0,0,0,0,0,0,0,0,0,0,0,0,0,0,0,0,0,0,0,0,0,0,0,0,0,0,0,0,0,0,0,0,0,0,0
2020/2/10,26 ,0,0,0,0,0,0,0,0,0,0,0,0,0,0,0,0,0,0,0,0,0,0,0,0,0,0,0,0,0,0,0,0,0,0,0,0,0,0,0,0,0,0,0,0,0,0,0,0
2020/2/11,28 ,2,0,0,0,0,0,0,0,0,0,0,0,0,0,0,0,0,0,0,0,0,0,0,0,0,0,0,0,0,0,0,0,0,0,0,0,0,0,0,0,0,0,0,0,0,0,0,0
2020/2/12,29 ,1,0,0,0,0,0,0,0,0,0,0,0,0,0,0,0,0,0,0,0,0,0,0,0,0,0,0,0,0,0,0,0,0,0,0,0,0,0,0,0,0,0,0,0,0,0,0,0
2020/2/13,33 ,4,0,0,0,0,0,0,0,0,0,0,0,1,1,1,0,0,0,0,0,0,0,0,0,0,0,0,0,0,0,1,0,0,0,0,0,0,0,0,0,0,0,0,0,0,0,0,0
2020/2/14,41 ,8,1,0,0,0,0,0,0,0,0,0,0,0,2,1,0,0,0,0,0,0,0,0,1,0,0,0,0,0,0,1,0,0,0,0,0,0,0,0,0,0,0,0,0,0,0,0,1
2020/2/15,53 ,12,0,0,0,0,0,0,0,0,0,0,0,0,8,0,0,0,0,0,0,0,0,0,1,0,0,0,0,0,0,3,0,0,0,0,0,0,0,0,0,0,0,0,0,0,0,0,0
2020/2/16,59 ,6,0,0,0,0,0,0,0,0,0,0,0,0,5,0,0,0,0,0,0,0,0,0,1,0,0,0,0,0,0,0,0,0,0,0,0,0,0,0,0,0,0,0,0,0,0,0,0
2020/2/17,66 ,7,0,0,0,0,0,0,0,0,0,0,0,0,0,1,0,0,0,0,0,0,0,0,1,0,0,0,0,0,0,4,0,0,0,0,0,0,0,0,0,0,0,0,0,0,0,0,0
2020/2/18,74 ,8,0,0,0,0,0,0,0,0,0,0,0,0,3,1,0,0,0,0,0,0,0,0,1,0,0,0,0,0,0,3,0,0,0,0,0,0,0,0,0,0,0,0,0,0,0,0,0
2020/2/19,84 ,10,2,0,0,0,0,0,0,0,0,0,0,0,3,2,0,0,0,0,0,0,0,0,1,0,0,0,0,0,0,0,0,0,0,0,0,0,0,0,0,0,0,0,0,0,0,0,1
2020/2/20,94 ,10,1,0,0,0,0,0,0,0,0,0,0,1,0,2,0,0,0,0,0,0,0,0,1,0,0,0,0,0,0,0,0,0,0,0,0,0,0,0,0,2,0,0,0,0,0,0,1
2020/2/21,109 ,15,3,0,0,0,0,0,0,0,0,0,1,1,3,3,0,0,1,0,0,0,0,0,2,0,0,0,0,0,0,0,0,0,0,0,0,0,0,0,0,0,0,0,1,0,0,0,0
2020/2/22,135 ,26,9,0,0,0,0,0,0,0,1,0,0,3,1,4,0,0,1,0,0,0,0,0,4,0,0,0,0,0,0,1,0,0,0,0,0,0,0,0,0,0,0,0,2,0,0,0,0
2020/2/23,147 ,12,9,0,0,0,0,0,0,0,0,0,0,1,0,0,0,0,0,0,0,0,0,0,2,0,0,0,0,0,0,0,0,0,0,0,0,0,0,0,0,0,0,0,0,0,0,0,0
2020/2/24,160 ,13,4,0,0,0,0,0,0,0,0,0,0,0,3,1,0,0,2,0,0,0,0,0,0,0,0,0,0,0,0,0,0,0,0,0,0,0,0,0,0,0,0,0,1,0,0,0,0
2020/2/25,171 ,11,5,0,0,0,0,0,0,0,0,0,0,0,0,0,0,0,0,0,0,1,0,0,3,0,0,0,0,0,0,0,0,0,0,0,0,1,0,0,0,0,0,0,1,0,0,0,0
2020/2/26,189 ,18,4,0,0,0,0,0,0,0,0,0,0,3,3,1,0,0,0,0,0,1,1,0,5,0,0,0,0,0,0,0,0,0,0,0,0,0,0,0,0,0,0,0,0,0,0,0,0
2020/2/27,214 ,25,15,0,0,0,0,0,0,0,0,0,0,0,1,3,0,0,1,0,0,0,1,0,2,0,0,0,1,0,0,0,0,0,0,0,0,0,0,0,0,0,0,0,0,0,0,0,0
2020/2/28,233 ,19,12,0,0,0,0,0,0,0,0,0,0,0,0,1,0,0,1,0,0,0,0,1,1,0,0,0,2,0,0,0,0,0,0,0,0,0,0,0,0,0,0,0,0,0,0,0,0
2020/2/29,242 ,9,4,0,0,1,0,0,0,0,0,0,0,0,1,0,1,0,0,0,0,0,0,0,1,0,0,0,0,0,0,0,0,0,0,0,0,0,0,0,1,0,0,0,0,0,0,0,0
2020/3/1,256 ,14,2,0,0,0,0,0,0,0,0,0,0,1,2,3,0,0,0,0,0,0,0,0,3,0,0,0,0,1,0,0,0,0,0,0,0,0,0,0,1,1,0,0,0,0,0,0,0
2020/3/2,274 ,18,5,0,0,0,0,0,0,0,0,0,0,0,0,5,4,0,0,0,0,0,0,0,0,0,0,0,2,0,0,0,0,0,0,0,0,0,0,1,1,0,0,0,0,0,0,0,0
2020/3/3,293 ,19,2,0,0,0,0,0,0,0,0,0,0,0,1,1,0,0,0,0,0,0,0,0,9,0,0,1,2,2,0,0,0,0,0,0,0,0,0,0,0,0,0,0,0,1,0,0,0
2020/3/4,329 ,36,3,0,0,0,0,0,0,0,0,0,0,1,4,0,0,0,0,0,0,0,0,0,8,0,0,2,9,0,0,0,0,0,0,0,1,0,0,1,4,0,0,0,1,0,1,0,0
2020/3/5,361 ,32,1,0,0,0,0,0,0,0,1,0,2,0,8,3,1,0,0,0,0,0,0,0,8,0,1,1,1,1,0,1,0,0,0,0,2,0,0,0,0,0,0,0,0,0,0,0,0
2020/3/6,417 ,56,7,0,0,0,2,0,0,0,0,0,3,2,6,6,0,0,0,0,1,1,0,0,5,0,0,1,13,4,3,0,0,0,0,0,0,0,0,0,2,0,0,0,0,0,0,0,0
2020/3/7,461 ,44,8,0,0,0,0,0,1,0,0,1,0,4,6,1,0,0,0,0,1,0,0,0,7,0,0,1,10,2,0,0,0,0,0,1,0,0,0,0,1,0,0,0,0,0,0,0,0
2020/3/8,494 ,33,3,0,0,0,0,0,0,0,0,0,1,0,0,0,0,0,0,0,0,0,0,0,11,0,0,0,14,2,0,0,0,0,0,0,0,0,0,0,2,0,0,0,0,0,0,0,0
2020/3/9,522 ,28,7,0,0,0,0,0,0,0,0,0,0,1,0,0,2,0,1,0,0,0,0,0,6,0,0,4,0,4,3,0,0,0,0,0,0,0,0,0,0,0,0,0,0,0,0,0,0
2020/3/10,581 ,59,3,0,0,0,0,0,0,0,0,0,5,1,3,2,3,0,0,0,0,0,0,1,13,1,0,1,18,8,0,0,0,0,0,0,0,0,0,0,0,0,0,0,0,0,0,0,0
2020/3/11,634 ,53,7,0,0,0,0,0,0,0,0,0,2,2,6,3,0,0,0,0,0,0,0,0,5,5,0,2,7,13,1,0,0,0,0,0,0,0,0,0,0,0,0,0,0,0,0,0,0
2020/3/12,690 ,56,10,0,0,0,0,0,0,0,0,2,6,2,2,3,3,0,0,0,0,0,0,1,7,0,0,2,9,9,0,0,0,0,0,0,0,0,0,0,0,0,0,0,0,0,0,0,0
2020/3/13,724 ,34,9,0,0,0,0,0,0,0,0,0,2,2,2,1,0,0,0,0,0,0,0,0,3,0,0,0,3,10,0,0,0,0,0,0,0,0,0,0,0,0,1,0,0,0,0,0,0
2020/3/14,787 ,63,7,0,0,0,0,0,1,0,0,2,7,2,10,0,2,0,0,0,0,1,0,0,7,1,0,0,10,11,0,0,0,0,0,0,0,0,0,0,0,0,0,1,0,0,0,0,0
2020/3/15,818 ,31,4,0,0,0,0,0,0,0,0,0,0,0,3,5,0,0,0,0,0,0,0,0,0,0,1,0,4,11,0,1,0,0,0,0,0,0,0,0,0,0,0,0,0,0,0,0,0
2020/3/16,835 ,17,4,0,0,0,0,0,0,0,0,1,0,0,0,0,3,0,0,0,0,0,0,0,2,0,1,0,2,4,0,0,0,0,0,0,0,0,0,0,0,0,0,0,0,0,0,0,0
2020/3/17,880 ,45,0,0,0,0,0,0,0,1,0,4,5,0,12,4,2,0,0,0,0,0,0,0,2,0,1,2,4,4,0,0,0,0,0,0,0,0,1,0,0,1,0,0,0,0,2,0,0
2020/3/18,921 ,41,2,0,0,0,0,0,0,1,1,0,1,2,9,1,1,0,0,1,0,0,1,0,5,1,0,2,5,5,0,0,0,0,0,0,0,0,0,1,0,0,0,0,0,0,0,0,0
2020/3/19,961 ,40,3,0,0,0,0,0,0,1,0,0,4,3,7,6,2,0,0,0,0,0,0,0,4,0,0,0,2,2,0,2,0,0,0,0,0,0,0,0,0,1,0,0,1,2,0,0,0
2020/3/20,1015 ,54,1,0,0,0,0,0,0,0,1,1,3,5,11,2,1,0,1,0,0,0,0,0,5,0,0,1,4,8,0,0,0,0,0,1,0,0,0,0,0,0,0,0,0,5,0,0,0
2020/3/21,1054 ,39,1,0,0,0,0,0,0,0,0,0,3,1,7,4,2,0,0,0,0,0,0,0,2,0,0,1,2,6,0,0,0,0,0,0,0,0,0,0,0,0,0,0,0,5,0,0,0
2020/3/22,1102 ,48,3,0,0,0,0,0,0,1,0,0,6,2,3,5,0,0,0,0,0,0,2,0,2,0,0,1,6,4,1,0,0,0,1,1,1,0,0,0,0,0,0,0,0,8,0,0,0
2020/3/23,1141 ,39,0,2,0,0,0,0,0,1,0,0,1,3,16,0,0,0,0,0,0,0,3,0,2,0,1,1,3,2,0,0,0,0,0,0,0,0,0,0,0,1,0,0,0,1,0,0,1
2020/3/24,1213 ,72,1,0,0,0,0,0,0,5,2,2,7,1,18,6,1,0,0,0,2,1,3,0,3,0,0,2,8,5,0,0,0,0,0,0,0,0,0,0,0,3,0,0,0,1,0,0,1
2020/3/25,1309 ,96,4,4,0,0,0,0,0,0,4,1,1,5,41,4,1,0,0,2,0,0,1,0,6,0,0,4,7,1,0,0,0,0,0,0,1,0,0,0,0,0,0,1,1,2,0,0,0
2020/3/26,1402 ,93,1,0,0,1,0,0,0,0,1,0,7,3,46,6,0,0,0,3,0,0,3,0,3,0,1,3,7,1,0,0,0,0,0,1,1,0,0,0,0,3,0,0,0,0,0,1,1
2020/3/27,1525 ,123,1,0,0,0,2,0,0,3,0,0,6,7,40,11,1,0,0,3,0,1,2,0,3,0,0,1,20,3,0,0,0,0,1,0,0,0,0,1,1,4,0,0,2,2,0,0,0
2020/3/28,1727 ,202,3,1,0,0,0,0,0,3,0,4,6,62,64,12,1,0,1,3,0,0,2,1,4,0,0,5,15,3,2,0,0,0,1,0,0,0,0,0,0,6,0,0,1,0,0,0,2
2020/3/29,1900 ,173,4,0,0,2,0,0,0,0,1,0,5,33,72,9,0,0,0,1,0,2,1,0,3,0,0,7,17,7,0,0,0,0,0,2,0,0,0,0,1,4,0,0,1,1,0,0,0
2020/3/30,1993 ,93,1,1,0,2,1,0,0,4,0,0,1,0,12,3,0,1,2,2,1,0,2,4,3,2,0,9,8,4,0,1,0,0,1,0,0,0,1,0,1,3,0,0,2,0,0,0,1
2020/3/31,2235 ,242,0,0,0,1,1,1,2,4,2,1,15,13,78,14,0,1,2,5,1,0,4,3,8,0,1,13,28,11,0,0,0,0,0,0,0,2,0,5,2,17,1,0,0,1,0,0,0
2020/4/1,2503 ,268,5,0,0,4,1,1,2,18,3,1,4,14,67,19,1,3,2,1,3,1,5,2,5,0,0,7,34,14,4,1,0,0,1,0,0,0,0,0,3,32,1,3,1,0,0,1,0
2020/4/2,2782 ,279,3,1,0,1,2,1,2,2,0,1,14,5,98,25,0,3,1,9,0,0,5,1,7,1,1,12,33,7,4,2,0,0,2,5,0,0,0,3,1,22,0,3,0,1,0,1,0
2020/4/3,3139 ,357,5,2,0,6,1,5,1,10,0,4,17,20,92,31,3,0,8,12,2,1,4,2,12,1,6,18,35,6,2,1,0,0,2,2,1,0,0,7,2,19,2,1,3,1,4,0,2
2020/4/4,3507 ,368,3,0,0,2,1,2,5,5,0,1,25,25,118,21,0,2,8,4,1,1,7,1,19,0,3,10,41,15,3,0,0,0,1,2,1,0,0,1,3,27,1,2,0,1,1,0,5
2020/4/5,3865 ,358,1,0,0,3,0,3,2,5,0,0,25,25,141,27,0,0,11,7,2,1,11,0,7,0,1,9,21,13,1,2,0,0,1,0,4,0,0,1,7,16,2,1,1,0,2,0,0
2020/4/6,4109 ,244,0,0,0,3,0,6,0,7,0,0,14,18,85,6,0,1,2,6,5,2,1,2,11,0,1,8,20,6,1,5,0,0,0,1,1,0,0,2,3,14,0,0,1,1,1,0,6
2020/4/7,4477 ,368,4,1,0,6,0,0,8,6,3,3,17,13,87,18,2,2,10,6,3,0,10,3,21,0,5,12,53,20,2,2,0,0,1,3,3,0,0,0,2,23,3,0,1,2,1,0,12
2020/4/8,5003 ,526,10,0,0,2,0,3,5,0,6,0,34,33,156,66,2,1,11,7,3,5,8,8,20,0,2,10,43,19,2,3,0,0,2,5,1,0,1,2,1,25,0,1,1,6,4,1,5
2020/4/9,5581 ,578,18,2,0,2,0,5,4,5,5,4,35,30,183,26,2,7,6,5,2,2,9,3,21,2,7,10,92,39,4,3,0,1,1,1,0,0,0,1,10,26,1,0,1,0,0,0,3
2020/4/10,6225 ,644,13,3,0,2,2,5,3,9,1,11,53,33,199,55,0,2,20,5,3,7,11,4,14,0,1,9,80,29,3,1,1,1,0,5,1,0,1,2,5,39,0,1,1,1,0,0,6
2020/4/11,6945 ,720,16,5,0,7,2,1,1,12,3,35,37,36,198,76,1,7,12,4,3,0,9,2,10,2,4,7,70,42,2,0,0,4,0,26,1,0,0,2,0,43,1,0,1,0,1,0,8
2020/4/12,7452 ,507,12,0,0,6,0,5,1,6,0,11,40,44,174,31,0,14,9,2,2,1,6,2,2,0,0,12,45,17,2,1,0,1,0,6,4,0,4,0,6,30,0,0,2,0,0,0,9
2020/4/13,7757 ,305,5,0,0,3,0,1,0,1,1,0,15,19,102,15,0,5,8,4,1,7,7,5,9,0,2,12,24,9,3,0,0,1,0,3,1,0,11,7,0,11,0,0,1,1,0,0,7
2020/4/14,8237 ,480,18,0,0,10,1,4,1,6,1,6,22,16,159,20,3,6,10,0,1,1,8,1,10,2,11,5,59,19,3,1,0,2,1,25,1,0,1,2,0,33,2,0,3,2,0,0,4
2020/4/15,8786 ,549,23,0,0,1,0,6,1,3,3,10,61,35,127,40,1,6,9,8,3,2,3,1,12,1,1,5,74,20,6,2,0,3,0,23,3,0,1,1,2,30,0,1,2,5,0,0,10
2020/4/16,9362 ,576,23,0,0,10,0,5,9,4,2,6,51,58,151,56,1,7,6,3,3,6,5,1,14,6,5,10,52,31,1,1,0,1,1,5,1,0,1,1,0,26,0,1,0,4,0,0,8
2020/4/17,9922 ,560,33,0,0,4,0,4,3,8,2,2,26,35,206,33,6,11,14,1,3,2,1,1,10,6,11,10,55,27,2,1,0,1,1,6,1,0,2,0,1,17,1,1,2,0,0,2,7
2020/4/18,10511 ,589,38,0,0,4,0,2,8,4,0,6,37,34,186,44,3,12,13,2,2,0,1,0,17,3,2,7,88,21,4,1,2,0,0,6,0,0,1,3,1,24,0,0,2,0,0,1,9
2020/4/19,10887 ,376,27,0,0,0,0,1,2,4,2,2,37,18,109,30,0,4,5,6,1,5,2,2,10,1,1,9,48,11,2,0,0,1,1,2,0,0,1,1,4,16,1,0,3,0,0,1,5
2020/4/20,11232 ,345,17,0,0,1,0,3,2,4,3,2,12,22,101,17,0,19,3,1,0,0,0,0,5,3,1,8,84,11,2,0,0,0,0,5,0,0,2,1,1,2,0,0,1,1,0,2,6
2020/4/21,11623 ,391,22,0,0,0,0,0,0,3,2,7,10,21,123,13,2,13,12,5,1,2,5,1,16,2,4,5,54,19,9,2,0,0,0,2,1,2,0,1,0,21,0,0,1,5,0,0,4
2020/4/22,12066 ,443,22,0,0,0,0,1,1,5,1,3,40,21,123,25,3,14,6,1,1,5,3,4,19,2,12,11,31,17,2,2,0,0,0,3,0,0,0,0,1,21,2,0,1,0,0,0,5
2020/4/23,12501 ,435,45,0,0,0,0,0,0,2,0,4,32,24,134,39,1,9,17,0,0,3,2,1,12,0,4,7,35,20,1,1,0,0,0,2,0,0,0,0,1,12,9,0,1,0,0,0,2
2020/4/24,12944 ,443,22,0,0,0,0,1,1,4,0,2,18,19,170,32,3,13,6,1,0,3,0,1,14,2,1,4,31,25,1,2,0,0,2,0,0,0,0,0,0,12,8,0,1,0,0,0,1
2020/4/25,13328 ,384,39,0,0,1,0,0,2,3,0,0,22,10,119,31,1,12,4,0,1,1,0,3,1,0,1,4,29,15,0,5,0,1,0,2,0,0,0,0,1,14,1,0,0,0,0,0,1
2020/4/26,13548 ,220,14,0,0,0,0,0,1,1,2,1,19,8,82,16,4,3,9,1,0,0,0,1,1,0,0,4,16,9,0,1,0,5,1,2,0,0,0,0,1,11,0,0,2,0,0,0,3
2020/4/27,13722 ,174,35,1,0,1,0,0,0,0,0,5,8,7,41,7,0,1,6,0,0,0,0,1,0,0,0,15,30,1,2,1,0,0,0,1,1,0,0,0,0,9,0,0,0,0,0,0,0
2020/4/28,14004 ,282,38,3,0,2,0,1,1,1,0,0,7,8,113,11,5,9,8,1,1,0,0,3,5,0,1,4,32,7,2,1,0,1,0,5,0,0,0,0,0,4,1,0,0,0,0,0,4
2020/4/29,14227 ,223,38,0,0,0,0,1,2,1,0,0,15,4,47,25,0,7,1,0,0,0,0,1,4,0,0,4,44,6,2,0,0,0,1,1,0,0,0,0,1,13,3,0,0,0,0,0,0
2020/4/30,14428 ,201,41,0,0,0,0,0,1,0,0,0,12,9,59,26,0,5,1,0,0,0,0,4,1,0,0,3,28,3,0,2,0,0,0,0,0,0,0,0,0,3,0,0,0,0,0,0,1
2020/5/1,14694 ,266,23,0,0,0,0,0,1,2,0,0,5,6,165,15,2,3,3,0,1,0,0,1,3,0,0,4,14,5,3,0,0,0,0,4,2,0,0,0,0,3,1,0,0,0,0,0,0
2020/5/2,14997 ,303,33,0,0,0,0,0,1,0,0,0,21,7,156,36,0,6,6,0,1,4,1,0,0,0,0,5,17,4,0,0,0,0,0,1,0,0,0,0,0,3,0,0,0,0,0,0,0
2020/5/3,15200 ,203,25,0,0,0,0,0,3,0,0,0,12,5,93,23,0,3,4,0,1,0,0,0,2,0,0,2,10,13,1,0,0,1,0,1,1,0,0,1,0,0,2,0,0,0,0,0,0
2020/5/4,15377 ,177,31,0,0,0,0,1,0,2,0,0,5,6,87,10,0,1,3,0,0,2,0,0,3,0,2,3,13,0,0,0,0,0,0,4,1,0,0,0,0,1,1,0,0,0,0,0,0
2020/5/5,15497 ,120,12,0,0,0,0,0,1,1,0,0,6,1,57,14,1,3,1,0,0,0,0,0,3,0,0,4,7,6,1,0,0,0,0,0,1,0,0,0,0,1,0,0,0,0,0,0,0
2020/5/6,15601 ,104,23,0,0,0,0,0,1,0,0,1,9,2,37,7,0,0,3,0,0,1,0,0,0,0,0,3,12,3,0,0,0,0,0,0,0,0,0,0,0,1,0,0,0,0,0,0,0
2020/5/7,15697 ,96,14,1,0,0,0,0,0,0,1,0,14,5,23,13,0,1,4,0,0,0,0,0,0,0,0,6,8,3,0,0,0,0,0,0,0,0,0,0,0,1,0,0,0,0,0,0,0
2020/5/8,15785 ,88,6,0,0,0,0,0,1,0,1,0,11,3,39,7,3,1,0,0,0,1,0,0,0,0,0,1,10,0,1,0,0,0,1,0,0,0,0,0,0,0,0,0,1,0,0,0,0
2020/5/9,15899 ,114,11,0,0,0,0,0,0,0,0,0,16,3,36,8,0,3,2,0,0,1,0,0,3,0,0,4,16,8,1,0,0,0,0,0,0,0,0,0,0,2,0,0,0,0,0,0,0
2020/5/10,15969 ,70,9,0,0,0,0,0,0,0,0,0,5,1,22,13,0,0,1,0,0,0,0,0,0,0,0,0,11,5,0,0,0,0,0,0,0,0,0,0,0,1,0,0,0,0,0,0,0
2020/5/11,16014 ,45,12,0,0,0,0,0,0,0,0,0,2,3,15,7,0,0,2,0,0,0,0,0,1,0,0,0,1,1,0,0,0,0,1,0,0,0,0,0,0,0,0,0,0,0,0,0,0
2020/5/12,16095 ,81,13,0,0,0,0,0,0,0,1,0,1,3,28,15,0,1,3,0,1,0,0,0,1,0,0,4,6,0,0,1,0,0,0,0,0,0,0,0,0,1,0,0,0,0,0,0,0
2020/5/13,16150 ,55,4,0,0,0,0,0,0,0,0,0,4,2,10,10,0,0,1,0,0,1,0,0,1,0,0,1,12,3,0,0,0,0,0,0,0,0,0,3,0,1,1,0,0,0,0,0,0
2020/5/14,16250 ,100,6,0,0,0,0,0,0,0,1,0,4,0,30,32,0,2,0,0,0,0,0,0,2,0,0,1,3,1,0,0,0,0,0,0,0,0,0,17,0,1,0,0,0,0,0,0,0
2020/5/15,16300 ,50,10,0,0,0,0,0,0,0,2,0,2,2,9,16,1,0,1,0,0,0,0,0,1,0,1,0,3,0,0,0,0,0,0,0,0,0,0,2,0,0,0,0,0,0,0,0,0
2020/5/16,16357 ,57,7,0,0,0,0,0,0,0,0,0,5,8,14,12,0,1,1,0,0,0,0,0,2,0,1,0,2,1,0,0,0,0,0,0,0,0,0,0,0,0,1,0,0,0,0,0,0
2020/5/17,16383 ,26,8,0,0,0,0,0,0,0,0,0,4,0,5,5,0,0,1,0,0,0,0,0,0,0,0,0,0,0,0,0,0,0,0,1,0,0,0,1,0,1,0,0,0,0,0,0,0
2020/5/18,16414 ,31,1,0,0,0,0,0,0,0,1,0,3,2,10,8,0,2,0,0,1,0,0,0,0,0,0,0,1,0,0,0,0,0,0,0,0,0,0,2,0,0,0,0,0,0,0,0,0
2020/5/19,16441 ,27,3,0,0,0,0,0,0,0,1,1,0,0,5,8,0,0,3,0,2,0,0,0,0,0,0,0,3,0,0,0,0,0,0,0,0,0,0,1,0,0,0,0,0,0,0,0,0
2020/5/20,16480 ,39,1,0,0,0,0,0,0,0,2,0,5,1,5,21,0,0,0,0,0,0,0,0,0,0,0,0,3,0,1,0,0,0,0,0,0,0,0,0,0,0,0,0,0,0,0,0,0
2020/5/21,16518 ,38,5,0,0,0,0,0,0,0,0,0,1,3,11,10,0,0,2,0,0,0,0,1,0,0,0,0,3,0,0,0,0,0,0,0,0,0,0,1,0,0,0,0,0,0,0,0,0
